[{"model": "admin.logentry", "pk": 1, "fields": {"action_time": "2025-03-13T08:38:29.981Z", "user": 1, "content_type": 7, "object_id": "1", "object_repr": "asdasd", "action_flag": 1, "change_message": "[{\"added\": {}}]"}}, {"model": "admin.logentry", "pk": 2, "fields": {"action_time": "2025-03-13T08:38:47.202Z", "user": 1, "content_type": 9, "object_id": "1", "object_repr": "ukraine", "action_flag": 1, "change_message": "[{\"added\": {}}]"}}, {"model": "admin.logentry", "pk": 3, "fields": {"action_time": "2025-03-13T08:40:56.180Z", "user": 1, "content_type": 7, "object_id": "1", "object_repr": "asdasd", "action_flag": 2, "change_message": "[{\"changed\": {\"fields\": [\"\\u0417\\u043e\\u0431\\u0440\\u0430\\u0436\\u0435\\u043d\\u043d\\u044f \\u043a\\u0430\\u0442\\u0435\\u0433\\u043e\\u0440\\u0456\\u0457\"]}}]"}}, {"model": "admin.logentry", "pk": 4, "fields": {"action_time": "2025-03-13T10:13:07.335Z", "user": 1, "content_type": 7, "object_id": "2", "object_repr": "parent test Cat", "action_flag": 1, "change_message": "[{\"added\": {}}]"}}, {"model": "admin.logentry", "pk": 5, "fields": {"action_time": "2025-03-13T10:13:27.612Z", "user": 1, "content_type": 7, "object_id": "1", "object_repr": "asdasd", "action_flag": 2, "change_message": "[{\"changed\": {\"fields\": [\"\\u0411\\u0430\\u0442\\u044c\\u043a\\u0456\\u0432\\u0441\\u044c\\u043a\\u0430 \\u043a\\u0430\\u0442\\u0435\\u0433\\u043e\\u0440\\u0456\\u044f\"]}}]"}}, {"model": "admin.logentry", "pk": 6, "fields": {"action_time": "2025-03-13T10:22:57.921Z", "user": 1, "content_type": 7, "object_id": "3", "object_repr": "тестовая категория раз раз", "action_flag": 1, "change_message": "[{\"added\": {}}]"}}, {"model": "admin.logentry", "pk": 7, "fields": {"action_time": "2025-03-13T10:28:50.325Z", "user": 1, "content_type": 7, "object_id": "3", "object_repr": "тестовая категория раз раз", "action_flag": 3, "change_message": ""}}, {"model": "admin.logentry", "pk": 8, "fields": {"action_time": "2025-03-13T10:30:25.908Z", "user": 1, "content_type": 7, "object_id": "2", "object_repr": "parent test Cat", "action_flag": 3, "change_message": ""}}, {"model": "admin.logentry", "pk": 9, "fields": {"action_time": "2025-03-13T10:30:46.805Z", "user": 1, "content_type": 10, "object_id": "2", "object_repr": "Gerk thread", "action_flag": 3, "change_message": ""}}, {"model": "admin.logentry", "pk": 10, "fields": {"action_time": "2025-03-13T10:30:46.807Z", "user": 1, "content_type": 10, "object_id": "1", "object_repr": "123", "action_flag": 3, "change_message": ""}}, {"model": "admin.logentry", "pk": 11, "fields": {"action_time": "2025-03-13T10:30:52.125Z", "user": 1, "content_type": 7, "object_id": "1", "object_repr": "asdasd", "action_flag": 3, "change_message": ""}}, {"model": "admin.logentry", "pk": 12, "fields": {"action_time": "2025-03-13T10:30:59.474Z", "user": 1, "content_type": 7, "object_id": "4", "object_repr": "test cat", "action_flag": 1, "change_message": "[{\"added\": {}}]"}}, {"model": "admin.logentry", "pk": 13, "fields": {"action_time": "2025-03-13T10:31:19.388Z", "user": 1, "content_type": 7, "object_id": "5", "object_repr": "parent test cat", "action_flag": 1, "change_message": "[{\"added\": {}}]"}}, {"model": "admin.logentry", "pk": 14, "fields": {"action_time": "2025-03-13T10:31:23.811Z", "user": 1, "content_type": 7, "object_id": "5", "object_repr": "parent test cat", "action_flag": 2, "change_message": "[{\"changed\": {\"fields\": [\"\\u0411\\u0430\\u0442\\u044c\\u043a\\u0456\\u0432\\u0441\\u044c\\u043a\\u0430 \\u043a\\u0430\\u0442\\u0435\\u0433\\u043e\\u0440\\u0456\\u044f\"]}}]"}}, {"model": "admin.logentry", "pk": 15, "fields": {"action_time": "2025-03-13T10:54:52.211Z", "user": 1, "content_type": 7, "object_id": "4", "object_repr": "test cat", "action_flag": 2, "change_message": "[{\"changed\": {\"fields\": [\"\\u0417\\u043e\\u0431\\u0440\\u0430\\u0436\\u0435\\u043d\\u043d\\u044f \\u043a\\u0430\\u0442\\u0435\\u0433\\u043e\\u0440\\u0456\\u0457\"]}}]"}}, {"model": "admin.logentry", "pk": 16, "fields": {"action_time": "2025-03-13T10:59:31.179Z", "user": 1, "content_type": 7, "object_id": "6", "object_repr": "2 test sub cut", "action_flag": 1, "change_message": "[{\"added\": {}}]"}}, {"model": "admin.logentry", "pk": 17, "fields": {"action_time": "2025-03-13T10:59:42.841Z", "user": 1, "content_type": 7, "object_id": "7", "object_repr": "3 sub cat", "action_flag": 1, "change_message": "[{\"added\": {}}]"}}, {"model": "admin.logentry", "pk": 18, "fields": {"action_time": "2025-03-13T11:00:25.251Z", "user": 1, "content_type": 7, "object_id": "5", "object_repr": "parent test cat", "action_flag": 2, "change_message": "[{\"changed\": {\"fields\": [\"\\u0411\\u0430\\u0442\\u044c\\u043a\\u0456\\u0432\\u0441\\u044c\\u043a\\u0430 \\u043a\\u0430\\u0442\\u0435\\u0433\\u043e\\u0440\\u0456\\u044f\"]}}]"}}, {"model": "admin.logentry", "pk": 19, "fields": {"action_time": "2025-03-13T11:00:29.467Z", "user": 1, "content_type": 7, "object_id": "4", "object_repr": "test cat", "action_flag": 2, "change_message": "[{\"changed\": {\"fields\": [\"\\u0411\\u0430\\u0442\\u044c\\u043a\\u0456\\u0432\\u0441\\u044c\\u043a\\u0430 \\u043a\\u0430\\u0442\\u0435\\u0433\\u043e\\u0440\\u0456\\u044f\"]}}]"}}, {"model": "admin.logentry", "pk": 20, "fields": {"action_time": "2025-03-13T11:03:04.518Z", "user": 1, "content_type": 7, "object_id": "6", "object_repr": "2 test sub cut", "action_flag": 2, "change_message": "[{\"changed\": {\"fields\": [\"\\u0417\\u043e\\u0431\\u0440\\u0430\\u0436\\u0435\\u043d\\u043d\\u044f \\u043a\\u0430\\u0442\\u0435\\u0433\\u043e\\u0440\\u0456\\u0457\"]}}]"}}, {"model": "admin.logentry", "pk": 21, "fields": {"action_time": "2025-03-13T11:03:13.071Z", "user": 1, "content_type": 7, "object_id": "7", "object_repr": "3 sub cat", "action_flag": 2, "change_message": "[{\"changed\": {\"fields\": [\"\\u0417\\u043e\\u0431\\u0440\\u0430\\u0436\\u0435\\u043d\\u043d\\u044f \\u043a\\u0430\\u0442\\u0435\\u0433\\u043e\\u0440\\u0456\\u0457\"]}}]"}}, {"model": "admin.logentry", "pk": 22, "fields": {"action_time": "2025-03-13T11:03:16.949Z", "user": 1, "content_type": 7, "object_id": "4", "object_repr": "test cat", "action_flag": 2, "change_message": "[]"}}, {"model": "admin.logentry", "pk": 23, "fields": {"action_time": "2025-03-13T11:03:19.628Z", "user": 1, "content_type": 7, "object_id": "5", "object_repr": "parent test cat", "action_flag": 2, "change_message": "[]"}}, {"model": "admin.logentry", "pk": 24, "fields": {"action_time": "2025-03-13T11:39:40.890Z", "user": 1, "content_type": 7, "object_id": "8", "object_repr": "2 parent cat test", "action_flag": 1, "change_message": "[{\"added\": {}}]"}}, {"model": "admin.logentry", "pk": 25, "fields": {"action_time": "2025-03-13T11:40:30.599Z", "user": 1, "content_type": 7, "object_id": "9", "object_repr": "1 subcat for 2 parent", "action_flag": 1, "change_message": "[{\"added\": {}}]"}}, {"model": "admin.logentry", "pk": 26, "fields": {"action_time": "2025-03-13T11:40:47.188Z", "user": 1, "content_type": 7, "object_id": "10", "object_repr": "2 subcat for 2 parent", "action_flag": 1, "change_message": "[{\"added\": {}}]"}}, {"model": "admin.logentry", "pk": 27, "fields": {"action_time": "2025-03-13T11:41:10.690Z", "user": 1, "content_type": 7, "object_id": "11", "object_repr": "3 subcat for 2 parent", "action_flag": 1, "change_message": "[{\"added\": {}}]"}}, {"model": "admin.logentry", "pk": 28, "fields": {"action_time": "2025-03-13T11:41:26.063Z", "user": 1, "content_type": 7, "object_id": "12", "object_repr": "4 subcat for 2 parent", "action_flag": 1, "change_message": "[{\"added\": {}}]"}}, {"model": "admin.logentry", "pk": 29, "fields": {"action_time": "2025-03-13T11:41:39.098Z", "user": 1, "content_type": 7, "object_id": "13", "object_repr": "5 subcat for 2 parent", "action_flag": 1, "change_message": "[{\"added\": {}}]"}}, {"model": "admin.logentry", "pk": 30, "fields": {"action_time": "2025-03-13T15:09:17.412Z", "user": 1, "content_type": 9, "object_id": "2", "object_repr": "Польща", "action_flag": 1, "change_message": "[{\"added\": {}}]"}}, {"model": "admin.logentry", "pk": 31, "fields": {"action_time": "2025-03-13T15:10:31.785Z", "user": 1, "content_type": 9, "object_id": "3", "object_repr": "Чехія", "action_flag": 1, "change_message": "[{\"added\": {}}]"}}, {"model": "admin.logentry", "pk": 32, "fields": {"action_time": "2025-03-13T15:10:38.958Z", "user": 1, "content_type": 9, "object_id": "2", "object_repr": "Польща", "action_flag": 2, "change_message": "[{\"changed\": {\"fields\": [\"Code\"]}}]"}}, {"model": "admin.logentry", "pk": 33, "fields": {"action_time": "2025-03-13T15:11:26.611Z", "user": 1, "content_type": 9, "object_id": "1", "object_repr": "Україна", "action_flag": 2, "change_message": "[{\"changed\": {\"fields\": [\"Name\"]}}]"}}, {"model": "admin.logentry", "pk": 34, "fields": {"action_time": "2025-03-13T15:11:45.635Z", "user": 1, "content_type": 9, "object_id": "4", "object_repr": "Німеччина", "action_flag": 1, "change_message": "[{\"added\": {}}]"}}, {"model": "admin.logentry", "pk": 35, "fields": {"action_time": "2025-03-13T15:12:07.871Z", "user": 1, "content_type": 9, "object_id": "5", "object_repr": "Італія", "action_flag": 1, "change_message": "[{\"added\": {}}]"}}, {"model": "admin.logentry", "pk": 36, "fields": {"action_time": "2025-03-13T15:12:16.636Z", "user": 1, "content_type": 9, "object_id": "6", "object_repr": "Іспанія", "action_flag": 1, "change_message": "[{\"added\": {}}]"}}, {"model": "admin.logentry", "pk": 37, "fields": {"action_time": "2025-03-13T15:12:23.712Z", "user": 1, "content_type": 9, "object_id": "7", "object_repr": "Португалія", "action_flag": 1, "change_message": "[{\"added\": {}}]"}}, {"model": "admin.logentry", "pk": 38, "fields": {"action_time": "2025-03-13T15:12:31.036Z", "user": 1, "content_type": 9, "object_id": "8", "object_repr": "Франція", "action_flag": 1, "change_message": "[{\"added\": {}}]"}}, {"model": "admin.logentry", "pk": 39, "fields": {"action_time": "2025-03-13T15:12:37.913Z", "user": 1, "content_type": 9, "object_id": "9", "object_repr": "Нідерланди", "action_flag": 1, "change_message": "[{\"added\": {}}]"}}, {"model": "admin.logentry", "pk": 40, "fields": {"action_time": "2025-03-13T15:12:48.435Z", "user": 1, "content_type": 9, "object_id": "10", "object_repr": "Бельгія", "action_flag": 1, "change_message": "[{\"added\": {}}]"}}, {"model": "admin.logentry", "pk": 41, "fields": {"action_time": "2025-03-13T15:12:59.703Z", "user": 1, "content_type": 9, "object_id": "11", "object_repr": "Словаччина", "action_flag": 1, "change_message": "[{\"added\": {}}]"}}, {"model": "admin.logentry", "pk": 42, "fields": {"action_time": "2025-03-13T15:13:07.054Z", "user": 1, "content_type": 9, "object_id": "12", "object_repr": "Австрія", "action_flag": 1, "change_message": "[{\"added\": {}}]"}}, {"model": "admin.logentry", "pk": 43, "fields": {"action_time": "2025-03-13T15:13:14.626Z", "user": 1, "content_type": 9, "object_id": "13", "object_repr": "Греція", "action_flag": 1, "change_message": "[{\"added\": {}}]"}}, {"model": "admin.logentry", "pk": 44, "fields": {"action_time": "2025-03-13T15:13:23.419Z", "user": 1, "content_type": 9, "object_id": "14", "object_repr": "Угорщина", "action_flag": 1, "change_message": "[{\"added\": {}}]"}}, {"model": "admin.logentry", "pk": 45, "fields": {"action_time": "2025-03-13T15:13:36.470Z", "user": 1, "content_type": 9, "object_id": "15", "object_repr": "Велика Британія", "action_flag": 1, "change_message": "[{\"added\": {}}]"}}, {"model": "admin.logentry", "pk": 46, "fields": {"action_time": "2025-03-13T15:13:47.898Z", "user": 1, "content_type": 9, "object_id": "16", "object_repr": "Швеція", "action_flag": 1, "change_message": "[{\"added\": {}}]"}}, {"model": "admin.logentry", "pk": 47, "fields": {"action_time": "2025-03-13T15:13:56.481Z", "user": 1, "content_type": 9, "object_id": "17", "object_repr": "Данія", "action_flag": 1, "change_message": "[{\"added\": {}}]"}}, {"model": "admin.logentry", "pk": 48, "fields": {"action_time": "2025-03-13T15:14:05.580Z", "user": 1, "content_type": 9, "object_id": "18", "object_repr": "Норвегія", "action_flag": 1, "change_message": "[{\"added\": {}}]"}}, {"model": "admin.logentry", "pk": 49, "fields": {"action_time": "2025-03-13T15:14:14.706Z", "user": 1, "content_type": 9, "object_id": "19", "object_repr": "Фінляндія", "action_flag": 1, "change_message": "[{\"added\": {}}]"}}, {"model": "admin.logentry", "pk": 50, "fields": {"action_time": "2025-03-13T15:14:23.623Z", "user": 1, "content_type": 9, "object_id": "20", "object_repr": "Швейцарія", "action_flag": 1, "change_message": "[{\"added\": {}}]"}}, {"model": "admin.logentry", "pk": 51, "fields": {"action_time": "2025-03-13T15:14:31.245Z", "user": 1, "content_type": 9, "object_id": "21", "object_repr": "Ірландія", "action_flag": 1, "change_message": "[{\"added\": {}}]"}}, {"model": "admin.logentry", "pk": 52, "fields": {"action_time": "2025-03-13T15:14:42.908Z", "user": 1, "content_type": 9, "object_id": "22", "object_repr": "США", "action_flag": 1, "change_message": "[{\"added\": {}}]"}}, {"model": "admin.logentry", "pk": 53, "fields": {"action_time": "2025-03-13T15:14:49.746Z", "user": 1, "content_type": 9, "object_id": "23", "object_repr": "Канада", "action_flag": 1, "change_message": "[{\"added\": {}}]"}}, {"model": "admin.logentry", "pk": 54, "fields": {"action_time": "2025-03-13T15:15:00.280Z", "user": 1, "content_type": 9, "object_id": "24", "object_repr": "Туреччина", "action_flag": 1, "change_message": "[{\"added\": {}}]"}}, {"model": "admin.logentry", "pk": 55, "fields": {"action_time": "2025-03-13T15:15:08.591Z", "user": 1, "content_type": 9, "object_id": "25", "object_repr": "Ізраїль", "action_flag": 1, "change_message": "[{\"added\": {}}]"}}, {"model": "admin.logentry", "pk": 56, "fields": {"action_time": "2025-03-13T15:15:16.741Z", "user": 1, "content_type": 9, "object_id": "26", "object_repr": "Австралія", "action_flag": 1, "change_message": "[{\"added\": {}}]"}}, {"model": "admin.logentry", "pk": 57, "fields": {"action_time": "2025-03-13T15:15:52.080Z", "user": 1, "content_type": 9, "object_id": "27", "object_repr": "ОАЕ", "action_flag": 1, "change_message": "[{\"added\": {}}]"}}, {"model": "auth.permission", "pk": 1, "fields": {"name": "Can add log entry", "content_type": 1, "codename": "add_logentry"}}, {"model": "auth.permission", "pk": 2, "fields": {"name": "Can change log entry", "content_type": 1, "codename": "change_logentry"}}, {"model": "auth.permission", "pk": 3, "fields": {"name": "Can delete log entry", "content_type": 1, "codename": "delete_logentry"}}, {"model": "auth.permission", "pk": 4, "fields": {"name": "Can view log entry", "content_type": 1, "codename": "view_logentry"}}, {"model": "auth.permission", "pk": 5, "fields": {"name": "Can add permission", "content_type": 2, "codename": "add_permission"}}, {"model": "auth.permission", "pk": 6, "fields": {"name": "Can change permission", "content_type": 2, "codename": "change_permission"}}, {"model": "auth.permission", "pk": 7, "fields": {"name": "Can delete permission", "content_type": 2, "codename": "delete_permission"}}, {"model": "auth.permission", "pk": 8, "fields": {"name": "Can view permission", "content_type": 2, "codename": "view_permission"}}, {"model": "auth.permission", "pk": 9, "fields": {"name": "Can add group", "content_type": 3, "codename": "add_group"}}, {"model": "auth.permission", "pk": 10, "fields": {"name": "Can change group", "content_type": 3, "codename": "change_group"}}, {"model": "auth.permission", "pk": 11, "fields": {"name": "Can delete group", "content_type": 3, "codename": "delete_group"}}, {"model": "auth.permission", "pk": 12, "fields": {"name": "Can view group", "content_type": 3, "codename": "view_group"}}, {"model": "auth.permission", "pk": 13, "fields": {"name": "Can add user", "content_type": 4, "codename": "add_user"}}, {"model": "auth.permission", "pk": 14, "fields": {"name": "Can change user", "content_type": 4, "codename": "change_user"}}, {"model": "auth.permission", "pk": 15, "fields": {"name": "Can delete user", "content_type": 4, "codename": "delete_user"}}, {"model": "auth.permission", "pk": 16, "fields": {"name": "Can view user", "content_type": 4, "codename": "view_user"}}, {"model": "auth.permission", "pk": 17, "fields": {"name": "Can add content type", "content_type": 5, "codename": "add_contenttype"}}, {"model": "auth.permission", "pk": 18, "fields": {"name": "Can change content type", "content_type": 5, "codename": "change_contenttype"}}, {"model": "auth.permission", "pk": 19, "fields": {"name": "Can delete content type", "content_type": 5, "codename": "delete_contenttype"}}, {"model": "auth.permission", "pk": 20, "fields": {"name": "Can view content type", "content_type": 5, "codename": "view_contenttype"}}, {"model": "auth.permission", "pk": 21, "fields": {"name": "Can add session", "content_type": 6, "codename": "add_session"}}, {"model": "auth.permission", "pk": 22, "fields": {"name": "Can change session", "content_type": 6, "codename": "change_session"}}, {"model": "auth.permission", "pk": 23, "fields": {"name": "Can delete session", "content_type": 6, "codename": "delete_session"}}, {"model": "auth.permission", "pk": 24, "fields": {"name": "Can view session", "content_type": 6, "codename": "view_session"}}, {"model": "auth.permission", "pk": 25, "fields": {"name": "Can add Категорія", "content_type": 7, "codename": "add_category"}}, {"model": "auth.permission", "pk": 26, "fields": {"name": "Can change Категорія", "content_type": 7, "codename": "change_category"}}, {"model": "auth.permission", "pk": 27, "fields": {"name": "Can delete Категорія", "content_type": 7, "codename": "delete_category"}}, {"model": "auth.permission", "pk": 28, "fields": {"name": "Can view Категорія", "content_type": 7, "codename": "view_category"}}, {"model": "auth.permission", "pk": 29, "fields": {"name": "Can add Коментар", "content_type": 8, "codename": "add_comment"}}, {"model": "auth.permission", "pk": 30, "fields": {"name": "Can change Коментар", "content_type": 8, "codename": "change_comment"}}, {"model": "auth.permission", "pk": 31, "fields": {"name": "Can delete Коментар", "content_type": 8, "codename": "delete_comment"}}, {"model": "auth.permission", "pk": 32, "fields": {"name": "Can view Коментар", "content_type": 8, "codename": "view_comment"}}, {"model": "auth.permission", "pk": 33, "fields": {"name": "Can add country", "content_type": 9, "codename": "add_country"}}, {"model": "auth.permission", "pk": 34, "fields": {"name": "Can change country", "content_type": 9, "codename": "change_country"}}, {"model": "auth.permission", "pk": 35, "fields": {"name": "Can delete country", "content_type": 9, "codename": "delete_country"}}, {"model": "auth.permission", "pk": 36, "fields": {"name": "Can view country", "content_type": 9, "codename": "view_country"}}, {"model": "auth.permission", "pk": 37, "fields": {"name": "Can add Обговорення", "content_type": 10, "codename": "add_thread"}}, {"model": "auth.permission", "pk": 38, "fields": {"name": "Can change Обговорення", "content_type": 10, "codename": "change_thread"}}, {"model": "auth.permission", "pk": 39, "fields": {"name": "Can delete Обговорення", "content_type": 10, "codename": "delete_thread"}}, {"model": "auth.permission", "pk": 40, "fields": {"name": "Can view Обговорення", "content_type": 10, "codename": "view_thread"}}, {"model": "auth.permission", "pk": 41, "fields": {"name": "Can add complaint", "content_type": 11, "codename": "add_complaint"}}, {"model": "auth.permission", "pk": 42, "fields": {"name": "Can change complaint", "content_type": 11, "codename": "change_complaint"}}, {"model": "auth.permission", "pk": 43, "fields": {"name": "Can delete complaint", "content_type": 11, "codename": "delete_complaint"}}, {"model": "auth.permission", "pk": 44, "fields": {"name": "Can view complaint", "content_type": 11, "codename": "view_complaint"}}, {"model": "auth.user", "pk": 1, "fields": {"password": "pbkdf2_sha256$600000$03da2OZIv6GuY60ZWnGsUk$/ZpAmiU54hTBGAYY1fxnW4ka11MF17vpTcmN/QAEy5g=", "last_login": "2025-03-13T10:10:07.964Z", "is_superuser": true, "username": "admin", "first_name": "", "last_name": "", "email": "admin@gmail.com", "is_staff": true, "is_active": true, "date_joined": "2025-03-12T23:17:26.154Z", "groups": [], "user_permissions": []}}, {"model": "auth.user", "pk": 2, "fields": {"password": "pbkdf2_sha256$600000$DG0ufSqh5pZgv1RiiJ9Bex$0MexDHcTb8z8JY2qfvT+D+migoF0LGiL6kxxL3eIXCY=", "last_login": "2025-03-13T09:01:05.169Z", "is_superuser": false, "username": "Gerk", "first_name": "", "last_name": "", "email": "antonkonop08@gmail.com", "is_staff": false, "is_active": true, "date_joined": "2025-03-13T09:01:05.029Z", "groups": [], "user_permissions": []}}, {"model": "contenttypes.contenttype", "pk": 1, "fields": {"app_label": "admin", "model": "logentry"}}, {"model": "contenttypes.contenttype", "pk": 2, "fields": {"app_label": "auth", "model": "permission"}}, {"model": "contenttypes.contenttype", "pk": 3, "fields": {"app_label": "auth", "model": "group"}}, {"model": "contenttypes.contenttype", "pk": 4, "fields": {"app_label": "auth", "model": "user"}}, {"model": "contenttypes.contenttype", "pk": 5, "fields": {"app_label": "contenttypes", "model": "contenttype"}}, {"model": "contenttypes.contenttype", "pk": 6, "fields": {"app_label": "sessions", "model": "session"}}, {"model": "contenttypes.contenttype", "pk": 7, "fields": {"app_label": "forum", "model": "category"}}, {"model": "contenttypes.contenttype", "pk": 8, "fields": {"app_label": "forum", "model": "comment"}}, {"model": "contenttypes.contenttype", "pk": 9, "fields": {"app_label": "forum", "model": "country"}}, {"model": "contenttypes.contenttype", "pk": 10, "fields": {"app_label": "forum", "model": "thread"}}, {"model": "contenttypes.contenttype", "pk": 11, "fields": {"app_label": "forum", "model": "complaint"}}, {"model": "sessions.session", "pk": "1s236kw0eomi5xwjvf1ec3raqkrsnm0h", "fields": {"session_data": ".eJxVjDsOwjAQBe_iGln-bYgp6XMGa3dt4wCypTipEHeHSCmgfTPzXiLgtpaw9bSEOYqL0OL0uxHyI9UdxDvWW5Pc6rrMJHdFHrTLqcX0vB7u30HBXr41cnbWanTg8zAqMoBJAXjDGr2HyNl4z0N2I2lmRgJ7TiqTJaudBRbvD-fPOCg:1tsfVv:ZiEl0pNwR5YJ6IEobV0wTKOuh7tjLxG6KlxQd_irg0Y", "expire_date": "2025-03-27T10:10:07.966Z"}}, {"model": "forum.country", "pk": 1, "fields": {"code": "ua", "name": "Україна"}}, {"model": "forum.country", "pk": 2, "fields": {"code": "pl", "name": "Польща"}}, {"model": "forum.country", "pk": 3, "fields": {"code": "cz", "name": "Чехія"}}, {"model": "forum.country", "pk": 4, "fields": {"code": "de", "name": "Німеччина"}}, {"model": "forum.country", "pk": 5, "fields": {"code": "it", "name": "Італія"}}, {"model": "forum.country", "pk": 6, "fields": {"code": "es", "name": "Іспанія"}}, {"model": "forum.country", "pk": 7, "fields": {"code": "pt", "name": "Португалія"}}, {"model": "forum.country", "pk": 8, "fields": {"code": "fr", "name": "Франція"}}, {"model": "forum.country", "pk": 9, "fields": {"code": "nl", "name": "Нідерланди"}}, {"model": "forum.country", "pk": 10, "fields": {"code": "be", "name": "Бельгія"}}, {"model": "forum.country", "pk": 11, "fields": {"code": "sk", "name": "Словаччина"}}, {"model": "forum.country", "pk": 12, "fields": {"code": "at", "name": "Австрія"}}, {"model": "forum.country", "pk": 13, "fields": {"code": "gr", "name": "Греція"}}, {"model": "forum.country", "pk": 14, "fields": {"code": "hu", "name": "Угорщина"}}, {"model": "forum.country", "pk": 15, "fields": {"code": "gb", "name": "Велика Британія"}}, {"model": "forum.country", "pk": 16, "fields": {"code": "se", "name": "Швеція"}}, {"model": "forum.country", "pk": 17, "fields": {"code": "dk", "name": "Данія"}}, {"model": "forum.country", "pk": 18, "fields": {"code": "no", "name": "Норвегія"}}, {"model": "forum.country", "pk": 19, "fields": {"code": "fi", "name": "Фінляндія"}}, {"model": "forum.country", "pk": 20, "fields": {"code": "ch", "name": "Швейцарія"}}, {"model": "forum.country", "pk": 21, "fields": {"code": "ie", "name": "Ірландія"}}, {"model": "forum.country", "pk": 22, "fields": {"code": "us", "name": "США"}}, {"model": "forum.country", "pk": 23, "fields": {"code": "ca", "name": "Канада"}}, {"model": "forum.country", "pk": 24, "fields": {"code": "tr", "name": "Туреччина"}}, {"model": "forum.country", "pk": 25, "fields": {"code": "il", "name": "Ізраїль"}}, {"model": "forum.country", "pk": 26, "fields": {"code": "au", "name": "Австралія"}}, {"model": "forum.country", "pk": 27, "fields": {"code": "ae", "name": "ОАЕ"}}, {"model": "forum.category", "pk": 4, "fields": {"name": "test cat", "slug": "test-cat", "description": "", "image": "categories/Rent-category-image_QC4X7eg.jpg", "is_active": true, "parent": 5}}, {"model": "forum.category", "pk": 5, "fields": {"name": "parent test cat", "slug": "parent-test-cat", "description": "", "image": "", "is_active": true, "parent": null}}, {"model": "forum.category", "pk": 6, "fields": {"name": "2 test sub cut", "slug": "2-test-sub-cut", "description": "", "image": "categories/Rent-category-image_xYJTNlM.jpg", "is_active": true, "parent": 5}}, {"model": "forum.category", "pk": 7, "fields": {"name": "3 sub cat", "slug": "3-sub-cat", "description": "", "image": "categories/Rent-category-image_EP5tXwG.jpg", "is_active": true, "parent": 5}}, {"model": "forum.category", "pk": 8, "fields": {"name": "2 parent cat test", "slug": "2-parent-cat-test", "description": "", "image": "", "is_active": true, "parent": null}}, {"model": "forum.category", "pk": 9, "fields": {"name": "1 subcat for 2 parent", "slug": "1-subcat-for-2-parent", "description": "", "image": "categories/Rent-category-image_sywHlLk.jpg", "is_active": true, "parent": 8}}, {"model": "forum.category", "pk": 10, "fields": {"name": "2 subcat for 2 parent", "slug": "2-subcat-for-2-parent", "description": "", "image": "categories/Rent-category-image_fq81BcB.jpg", "is_active": true, "parent": 8}}, {"model": "forum.category", "pk": 11, "fields": {"name": "3 subcat for 2 parent", "slug": "3-subcat-for-2-parent", "description": "", "image": "categories/Rent-category-image_qklJr9n.jpg", "is_active": true, "parent": 8}}, {"model": "forum.category", "pk": 12, "fields": {"name": "4 subcat for 2 parent", "slug": "4-subcat-for-2-parent", "description": "", "image": "categories/Rent-category-image_TkPpBZ1.jpg", "is_active": true, "parent": 8}}, {"model": "forum.category", "pk": 13, "fields": {"name": "5 subcat for 2 parent", "slug": "5-subcat-for-2-parent", "description": "", "image": "categories/Rent-category-image_y82G6Nt.jpg", "is_active": true, "parent": 8}}, {"model": "forum.thread", "pk": 3, "fields": {"title": "123123", "slug": "123123", "content": "12312", "category": 6, "author": 1, "created_at": "2025-03-13T11:06:59.861Z", "updated_at": "2025-03-13T11:06:59.861Z", "is_active": true, "country": 1}}, {"model": "forum.thread", "pk": 4, "fields": {"title": "2 test thread", "slug": "2-test-thread", "content": "text", "category": 7, "author": 1, "created_at": "2025-03-13T11:07:32.127Z", "updated_at": "2025-03-13T11:07:32.127Z", "is_active": true, "country": 1}}, {"model": "forum.thread", "pk": 5, "fields": {"title": "3 тест тред", "slug": "3-test-tred", "content": "123123123", "category": 7, "author": 1, "created_at": "2025-03-13T11:28:40.463Z", "updated_at": "2025-03-13T11:28:40.463Z", "is_active": true, "country": 1}}, {"model": "forum.thread", "pk": 6, "fields": {"title": "thread for parent 2 subcat 3", "slug": "thread-for-parent-2-subcat-3", "content": "qweqwe", "category": 11, "author": 1, "created_at": "2025-03-13T11:42:33.228Z", "updated_at": "2025-03-13T11:42:33.228Z", "is_active": true, "country": 1}}, {"model": "forum.thread", "pk": 7, "fields": {"title": "5 тема", "slug": "5-tema", "content": "ууу", "category": 9, "author": 1, "created_at": "2025-03-13T13:25:25.048Z", "updated_at": "2025-03-13T13:25:25.048Z", "is_active": true, "country": 1}}, {"model": "forum.comment", "pk": 6, "fields": {"thread": 3, "author": 1, "content": "12312", "created_at": "2025-03-13T11:07:02.988Z", "updated_at": "2025-03-13T11:07:02.988Z"}}, {"model": "forum.comment", "pk": 7, "fields": {"thread": 3, "author": 1, "content": "22", "created_at": "2025-03-13T11:07:03.968Z", "updated_at": "2025-03-13T11:07:03.968Z"}}, {"model": "forum.comment", "pk": 8, "fields": {"thread": 3, "author": 1, "content": "1", "created_at": "2025-03-13T11:07:04.970Z", "updated_at": "2025-03-13T11:07:04.970Z"}}, {"model": "forum.comment", "pk": 9, "fields": {"thread": 4, "author": 1, "content": "1", "created_at": "2025-03-13T11:07:34.969Z", "updated_at": "2025-03-13T11:07:34.969Z"}}, {"model": "forum.comment", "pk": 10, "fields": {"thread": 4, "author": 1, "content": "2", "created_at": "2025-03-13T11:07:35.853Z", "updated_at": "2025-03-13T11:07:35.853Z"}}, {"model": "forum.comment", "pk": 11, "fields": {"thread": 5, "author": 1, "content": "12", "created_at": "2025-03-13T11:38:45.231Z", "updated_at": "2025-03-13T11:38:45.231Z"}}, {"model": "forum.comment", "pk": 12, "fields": {"thread": 5, "author": 1, "content": "2", "created_at": "2025-03-13T11:38:46.398Z", "updated_at": "2025-03-13T11:38:46.398Z"}}, {"model": "forum.comment", "pk": 13, "fields": {"thread": 5, "author": 1, "content": "2", "created_at": "2025-03-13T11:38:47.196Z", "updated_at": "2025-03-13T11:38:47.196Z"}}, {"model": "forum.comment", "pk": 14, "fields": {"thread": 5, "author": 1, "content": "2", "created_at": "2025-03-13T11:38:48.015Z", "updated_at": "2025-03-13T11:38:48.015Z"}}, {"model": "forum.comment", "pk": 15, "fields": {"thread": 5, "author": 1, "content": "2", "created_at": "2025-03-13T11:38:48.848Z", "updated_at": "2025-03-13T11:38:48.848Z"}}, {"model": "forum.comment", "pk": 16, "fields": {"thread": 3, "author": 1, "content": "123", "created_at": "2025-03-13T11:39:05.481Z", "updated_at": "2025-03-13T11:39:05.481Z"}}, {"model": "forum.comment", "pk": 17, "fields": {"thread": 3, "author": 1, "content": "123", "created_at": "2025-03-13T11:39:06.314Z", "updated_at": "2025-03-13T11:39:06.314Z"}}, {"model": "forum.comment", "pk": 18, "fields": {"thread": 3, "author": 1, "content": "123", "created_at": "2025-03-13T11:39:07.148Z", "updated_at": "2025-03-13T11:39:07.148Z"}}, {"model": "forum.comment", "pk": 19, "fields": {"thread": 3, "author": 1, "content": "123", "created_at": "2025-03-13T11:39:08.031Z", "updated_at": "2025-03-13T11:39:08.031Z"}}, {"model": "forum.comment", "pk": 20, "fields": {"thread": 3, "author": 1, "content": "123", "created_at": "2025-03-13T11:39:08.880Z", "updated_at": "2025-03-13T11:39:08.880Z"}}, {"model": "forum.comment", "pk": 21, "fields": {"thread": 3, "author": 1, "content": "123", "created_at": "2025-03-13T11:39:09.681Z", "updated_at": "2025-03-13T11:39:09.681Z"}}, {"model": "forum.comment", "pk": 22, "fields": {"thread": 6, "author": 1, "content": "123", "created_at": "2025-03-13T11:42:37.380Z", "updated_at": "2025-03-13T11:42:37.380Z"}}, {"model": "forum.comment", "pk": 23, "fields": {"thread": 6, "author": 1, "content": "123", "created_at": "2025-03-13T11:42:38.379Z", "updated_at": "2025-03-13T11:42:38.379Z"}}, {"model": "forum.comment", "pk": 24, "fields": {"thread": 6, "author": 1, "content": "2", "created_at": "2025-03-13T11:42:39.113Z", "updated_at": "2025-03-13T11:42:39.113Z"}}, {"model": "forum.comment", "pk": 25, "fields": {"thread": 6, "author": 1, "content": "123122", "created_at": "2025-03-13T13:12:05.965Z", "updated_at": "2025-03-13T13:12:08.150Z"}}]